﻿<?xml version="1.0" encoding="utf-8" ?>
<c2eventsheet>
    <!--All the 'name' attributes are ignored by Construct 2 - they are there for readability only.-->
    <name>Corrupted Tree Event</name>
    <events>
        <event-group description="" sid="849968943580881" title="BreakingCodeForCorruptedTree" />
        <event-block sid="399324666080477">
            <conditions>
                <condition id="1" name="Is overlapping another object" sid="756782922165900" type="BuildSizeLv1">
                    <param id="0" name="Object">CorruptedTree</param>
                </condition>
                <condition id="2" name="Key is down" sid="130728390019986" type="Keyboard">
                    <param id="0" name="Key">32</param>
                </condition>
            </conditions>
            <actions>
                <action id="4" name="Set animation" sid="463943030297832" type="CorruptedTree">
                    <param id="0" name="Animation">&quot;Hurt&quot;</param>
                    <param id="1" name="From">1</param>
                </action>
                <action id="-12" name="Subtract from" sid="964655488211872" type="CorruptedTree">
                    <param id="0" name="Instance variable">CorruptedTreeLife</param>
                    <param id="1" name="Value">BreakingWoodPoint</param>
                </action>
            </actions>
        </event-block>
        <event-group description="" sid="853215129303569" title="WhenHit0CorruptedTree" />
        <event-block sid="806442497463632">
            <conditions>
                <condition id="-7" name="Compare instance variable" sid="499189049113566" type="CorruptedTree">
                    <param id="0" name="Instance variable">CorruptedTreeLife</param>
                    <param id="1" name="Comparison">3</param>
                    <param id="2" name="Value">0</param>
                </condition>
                <condition id="-1" name="Every tick" sid="348359150396096" type="System" />
            </conditions>
            <actions>
                <action id="-9" name="Destroy" sid="478493115794315" type="CorruptedTree" />
                <action id="-10" name="Add to" sid="480733567694434" type="System">
                    <param id="0" name="Variable">Wood</param>
                    <param id="1" name="Value">3</param>
                </action>
                <action id="-10" name="Add to" sid="323979176682444" type="System">
                    <param id="0" name="Variable">SlimeEssence</param>
                    <param id="1" name="Value">1</param>
                </action>
            </actions>
        </event-block>
    </events>
</c2eventsheet>
