﻿<?xml version="1.0" encoding="utf-8" ?>
<c2eventsheet>
    <!--All the 'name' attributes are ignored by Construct 2 - they are there for readability only.-->
    <name>Cutscene1</name>
    <events>
        <event-block sid="437744305703692">
            <conditions>
                <condition id="-2" name="On start of layout" sid="645168875890448" type="System" />
            </conditions>
            <actions>
                <action id="-15" name="Set visible" sid="401428022361268" type="Textbox">
                    <param id="0" name="Visibility">1</param>
                </action>
                <action id="-15" name="Set visible" sid="859802317516294" type="Text">
                    <param id="0" name="Visibility">1</param>
                </action>
                <action id="0" name="Set text" sid="736878316989354" type="Text">
                    <param id="0" name="Text">&quot;???: Finally You Woke Up&quot;</param>
                </action>
                <action id="-16" name="Wait" sid="319694893518668" type="System">
                    <param id="0" name="Seconds">2</param>
                </action>
                <action id="0" name="Set text" sid="540660766586432" type="Text">
                    <param id="0" name="Text">&quot;You: Where Am I?&quot;</param>
                </action>
                <action id="-16" name="Wait" sid="372307438969420" type="System">
                    <param id="0" name="Seconds">2</param>
                </action>
                <action id="0" name="Set text" sid="485577629950488" type="Text">
                    <param id="0" name="Text">&quot;???: How Rude Of Me... My Name Is God&quot;</param>
                </action>
                <action id="-16" name="Wait" sid="239813206711827" type="System">
                    <param id="0" name="Seconds">2</param>
                </action>
                <action id="0" name="Set text" sid="568783996892411" type="Text">
                    <param id="0" name="Text">&quot;???: Ive Created You For One Reason... Cleanse the World&quot;</param>
                </action>
                <action id="-16" name="Wait" sid="109030778140187" type="System">
                    <param id="0" name="Seconds">2</param>
                </action>
                <action id="0" name="Set text" sid="370366516450244" type="Text">
                    <param id="0" name="Text">&quot;You: What Do You Mean About Cleansing? Im Just A Normal Human?&quot;</param>
                </action>
                <action id="-16" name="Wait" sid="747618691938855" type="System">
                    <param id="0" name="Seconds">2</param>
                </action>
                <action id="0" name="Set text" sid="176831871882320" type="Text">
                    <param id="0" name="Text">&quot;God: Ive Created You With Power Player.... You Gotta Help Me... The 3 Kings Started A Chaos&quot;</param>
                </action>
                <action id="-16" name="Wait" sid="425332156491581" type="System">
                    <param id="0" name="Seconds">2</param>
                </action>
                <action id="0" name="Set text" sid="474240007226626" type="Text">
                    <param id="0" name="Text">&quot;2 of Them Becomes The King Of Evils... Other In The Other Hand Disappeared And Never Heard Anymore...&quot;</param>
                </action>
                <action id="-16" name="Wait" sid="394322481742660" type="System">
                    <param id="0" name="Seconds">2</param>
                </action>
                <action id="0" name="Set text" sid="737475383257662" type="Text">
                    <param id="0" name="Text">&quot;You: What... Am I Going to Use Or How Am I Going to Defeat the Force Of Evils?&quot;</param>
                </action>
                <action id="-16" name="Wait" sid="851603545433563" type="System">
                    <param id="0" name="Seconds">2</param>
                </action>
                <action id="0" name="Set text" sid="979039763859424" type="Text">
                    <param id="0" name="Text">&quot;God: Your Not Lonely... The World May Be Cruel But Nature Will Help You&quot;</param>
                </action>
                <action id="-16" name="Wait" sid="450489026590107" type="System">
                    <param id="0" name="Seconds">2</param>
                </action>
                <action id="0" name="Set text" sid="233584680984350" type="Text">
                    <param id="0" name="Text">&quot;God: Ok... I Allow You To Terraform this World To What Ever Shape You Wanted&quot;</param>
                </action>
                <action id="-16" name="Wait" sid="731977234447198" type="System">
                    <param id="0" name="Seconds">2</param>
                </action>
                <action id="0" name="Set text" sid="929910119867571" type="Text">
                    <param id="0" name="Text">&quot;Condition Are You Must Not Forget to Defeat the Shadows... Defeat DusSkull... And Will Dont Destroy Them Cleanse Them&quot;</param>
                </action>
                <action id="-16" name="Wait" sid="147588711185561" type="System">
                    <param id="0" name="Seconds">2</param>
                </action>
                <action id="0" name="Set text" sid="621603636398707" type="Text">
                    <param id="0" name="Text">&quot;You: Ok Sire... But Im Not Sure... How Can I Survive... Im Not Use To This...&quot;</param>
                </action>
                <action id="-16" name="Wait" sid="604018734352875" type="System">
                    <param id="0" name="Seconds">2</param>
                </action>
                <action id="0" name="Set text" sid="421983524540814" type="Text">
                    <param id="0" name="Text">&quot;God: The Is What You Must Learn... See You Next Time My Creation&quot;</param>
                </action>
                <action id="-2" name="Go to layout" sid="601081943534152" type="System">
                    <param id="0" name="Layout">Map 1</param>
                </action>
            </actions>
        </event-block>
    </events>
</c2eventsheet>
