﻿<?xml version="1.0" encoding="utf-8" ?>
<c2eventsheet>
    <!--All the 'name' attributes are ignored by Construct 2 - they are there for readability only.-->
    <name>DayNightCycle</name>
    <events>
        <variable constant="0" name="MonsterSpawn" sid="259993278427054" static="0" type="number">5</variable>
        <variable constant="0" name="Day" sid="659654566289748" static="0" type="number">0</variable>
        <variable constant="0" name="Minute" sid="357148291455361" static="0" type="number">1</variable>
        <variable constant="0" name="Hour" sid="185398288324243" static="0" type="number">15</variable>
        <event-block sid="600750029824867">
            <conditions>
                <condition id="-6" name="Every X seconds" sid="296740075722962" type="System">
                    <param id="0" name="Interval (seconds)">5</param>
                </condition>
            </conditions>
            <actions>
                <action id="-11" name="Subtract from" sid="239605430759239" type="System">
                    <param id="0" name="Variable">Hour</param>
                    <param id="1" name="Value">Minute</param>
                </action>
            </actions>
        </event-block>
        <event-block sid="820839309561998">
            <conditions>
                <condition id="-14" name="Compare variable" sid="369487431681742" type="System">
                    <param id="0" name="Variable">Hour</param>
                    <param id="1" name="Comparison">3</param>
                    <param id="2" name="Value">0</param>
                </condition>
                <condition id="-1" name="Every tick" sid="972959573144233" type="System" />
            </conditions>
            <actions>
                <action id="-10" name="Add to" sid="621271894188528" type="System">
                    <param id="0" name="Variable">Day</param>
                    <param id="1" name="Value">1</param>
                </action>
                <action id="-9" name="Set value" sid="107943342671897" type="System">
                    <param id="0" name="Variable">Hour</param>
                    <param id="1" name="Value">15</param>
                </action>
                <action id="-15" name="Set visible" sid="472680639587588" type="DayLabel">
                    <param id="0" name="Visibility">1</param>
                </action>
                <action id="-15" name="Set visible" sid="509248678836542" type="DayLabel2">
                    <param id="0" name="Visibility">1</param>
                </action>
                <action id="-15" name="Set visible" sid="392198364370555" type="Brown">
                    <param id="0" name="Visibility">1</param>
                </action>
                <action id="0" name="Set text" sid="736836691366011" type="DayLabel2">
                    <param id="0" name="Text">Day</param>
                </action>
                <action id="-16" name="Wait" sid="510056404421970" type="System">
                    <param id="0" name="Seconds">5</param>
                </action>
                <action id="-15" name="Set visible" sid="987505163954215" type="Brown">
                    <param id="0" name="Visibility">0</param>
                </action>
                <action id="-15" name="Set visible" sid="341502700997135" type="DayLabel2">
                    <param id="0" name="Visibility">0</param>
                </action>
                <action id="-15" name="Set visible" sid="400243273734123" type="DayLabel">
                    <param id="0" name="Visibility">0</param>
                </action>
            </actions>
        </event-block>
    </events>
</c2eventsheet>
