﻿<?xml version="1.0" encoding="utf-8" ?>
<c2eventsheet>
    <!--All the 'name' attributes are ignored by Construct 2 - they are there for readability only.-->
    <name>IgorMinion</name>
    <events>
        <event-group description="" sid="152030084378557" title="IgorLookingScript" />
        <event-block sid="162132111096776">
            <conditions>
                <condition id="-6" name="Every X seconds" sid="960825758787930" type="System">
                    <param id="0" name="Interval (seconds)">0.5</param>
                </condition>
            </conditions>
            <actions>
                <action behavior="Pathfinding" id="0" name="Find path" sid="630678923212834" type="IgorsMinion">
                    <param id="0" name="X">FirstPlayer.X</param>
                    <param id="1" name="Y">FirstPlayer.Y</param>
                </action>
            </actions>
        </event-block>
        <event-group description="" sid="733108233283195" title="OnLookingScriptFound" />
        <event-block sid="706171659865905">
            <conditions>
                <condition behavior="Pathfinding" id="0" name="On path found" sid="216336101192458" type="IgorsMinion" />
            </conditions>
            <actions>
                <action behavior="Pathfinding" id="1" name="Move along path" sid="878060186727107" type="IgorsMinion" />
            </actions>
        </event-block>
        <event-block sid="930513103290302">
            <conditions>
                <condition id="1" name="Is overlapping another object" sid="392245649506394" type="IgorsMinion">
                    <param id="0" name="Object">FirstPlayer</param>
                </condition>
            </conditions>
            <actions>
                <action id="-12" name="Subtract from" sid="180943146740655" type="FirstPlayer">
                    <param id="0" name="Instance variable">PlayerHealth</param>
                    <param id="1" name="Value">20</param>
                </action>
            </actions>
        </event-block>
        <event-group description="" sid="606787030616831" title="MinionHealth" />
        <event-block sid="703286367946794">
            <conditions>
                <condition id="1" name="Is overlapping another object" sid="128036028619080" type="IgorsMinion">
                    <param id="0" name="Object">SwissBlade</param>
                </condition>
            </conditions>
            <actions>
                <action id="-12" name="Subtract from" sid="559799319629479" type="IgorsMinion">
                    <param id="0" name="Instance variable">MinionHealth</param>
                    <param id="1" name="Value">WeaponDamage</param>
                </action>
            </actions>
        </event-block>
        <event-block sid="592190125915684">
            <conditions>
                <condition id="-7" name="Compare instance variable" sid="548635662682386" type="IgorsMinion">
                    <param id="0" name="Instance variable">MinionHealth</param>
                    <param id="1" name="Comparison">3</param>
                    <param id="2" name="Value">0</param>
                </condition>
            </conditions>
            <actions>
                <action id="-9" name="Destroy" sid="336119999174865" type="IgorsMinion" />
            </actions>
        </event-block>
    </events>
</c2eventsheet>
