﻿<?xml version="1.0" encoding="utf-8" ?>
<c2eventsheet>
    <!--All the 'name' attributes are ignored by Construct 2 - they are there for readability only.-->
    <name>Player&apos;s Dialouge</name>
    <events>
        <event-block sid="474379760799817">
            <conditions>
                <condition id="-1" name="Every tick" sid="581072675525086" type="System" />
                <condition id="-14" name="Compare variable" sid="126684472961908" type="System">
                    <param id="0" name="Variable">SlimeDialougeTrigger</param>
                    <param id="1" name="Comparison">0</param>
                    <param id="2" name="Value">1</param>
                </condition>
            </conditions>
            <actions>
                <action id="-15" name="Set visible" sid="325714483187477" type="PlayersCheck">
                    <param id="0" name="Visibility">1</param>
                </action>
                <action id="0" name="Set text" sid="584133916064328" type="PlayersCheck">
                    <param id="0" name="Text">&quot;Heh... Those Slime Things Seems Sorta Blind&quot;</param>
                </action>
                <action id="-16" name="Wait" sid="496584897010058" type="System">
                    <param id="0" name="Seconds">3</param>
                </action>
                <action id="0" name="Set text" sid="444144270480369" type="PlayersCheck">
                    <param id="0" name="Text">&quot;Though They Hit Hard...&quot;</param>
                </action>
                <action id="-16" name="Wait" sid="591288351568973" type="System">
                    <param id="0" name="Seconds">3</param>
                </action>
                <action id="-15" name="Set visible" sid="473821667307368" type="PlayersCheck">
                    <param id="0" name="Visibility">0</param>
                </action>
                <action id="-9" name="Set value" sid="739961598850044" type="System">
                    <param id="0" name="Variable">SlimeDialougeTrigger</param>
                    <param id="1" name="Value">0</param>
                </action>
            </actions>
        </event-block>
    </events>
</c2eventsheet>
