﻿<?xml version="1.0" encoding="utf-8" ?>
<c2eventsheet>
    <!--All the 'name' attributes are ignored by Construct 2 - they are there for readability only.-->
    <name>RedSlime Nest</name>
    <events>
        <event-block sid="614725582828515">
            <conditions>
                <condition id="-6" name="Every X seconds" sid="367266272591931" type="System">
                    <param id="0" name="Interval (seconds)">60</param>
                </condition>
            </conditions>
            <actions>
                <action id="0" name="Spawn another object" sid="151924033515046" type="RedSlimeNest">
                    <param id="0" name="Object">RedSlime</param>
                    <param id="1" name="Layer">0</param>
                    <param id="2" name="Image point">0</param>
                </action>
                <action id="0" name="Spawn another object" sid="266411370665068" type="RedSlimeNest">
                    <param id="0" name="Object">RedSlime</param>
                    <param id="1" name="Layer">0</param>
                    <param id="2" name="Image point">0</param>
                </action>
                <action id="0" name="Spawn another object" sid="571706989476142" type="RedSlime">
                    <param id="0" name="Object">RedSlimeView</param>
                    <param id="1" name="Layer">0</param>
                    <param id="2" name="Image point">0</param>
                </action>
            </actions>
        </event-block>
        <event-block sid="746961656724802">
            <conditions>
                <condition id="-18" name="On created" sid="726565194440834" type="RedSlime" />
            </conditions>
            <actions>
                <action id="-16" name="Wait" sid="164083785490891" type="System">
                    <param id="0" name="Seconds">40</param>
                </action>
                <action id="0" name="Spawn another object" sid="956211631923604" type="RedSlime">
                    <param id="0" name="Object">RedSlimeNest</param>
                    <param id="1" name="Layer">0</param>
                    <param id="2" name="Image point">0</param>
                </action>
                <action id="-9" name="Destroy" sid="558721631532994" type="RedSlime" />
            </actions>
        </event-block>
        <event-block sid="365641111439984">
            <conditions>
                <condition id="1" name="Is overlapping another object" sid="866338618427578" type="RedSlimeNest">
                    <param id="0" name="Object">RedSlime</param>
                </condition>
                <condition id="-6" name="Every X seconds" sid="552271935193910" type="System">
                    <param id="0" name="Interval (seconds)">10</param>
                </condition>
            </conditions>
            <actions>
                <action id="-11" name="Add to" sid="356842224996101" type="RedSlime">
                    <param id="0" name="Instance variable">RedSlimeHealth</param>
                    <param id="1" name="Value">20</param>
                </action>
            </actions>
        </event-block>
    </events>
</c2eventsheet>
