﻿<?xml version="1.0" encoding="utf-8" ?>
<c2uistate>
    <!--This is a UI state file - its content describes the user interface settings when the project was last open.
It is entirely optional and the project will load without it.  If you are placing the project under source control,
you probably do not want to add any .uistate.xml files to the repository.-->
    <configurations>
        <active>
            <configuration name="HTML5" />
        </active>
        <display name="HTML5" />
    </configurations>
    <open-tabs>
        <layout order="1">Map 1</layout>
        <layout order="13">LoadArea</layout>
        <layout order="15">Layout 1</layout>
        <layout order="18">StartOfCreation</layout>
        <layout order="22">Menu</layout>
        <layout order="23">Setting</layout>
        <layout order="25">Died</layout>
        <layout order="31">HowDoYouPlay</layout>
        <layout order="37">StartingGame</layout>
        <event-sheet order="2">Tree Event</event-sheet>
        <event-sheet order="3">Debug</event-sheet>
        <event-sheet order="4">BuildingSystem</event-sheet>
        <event-sheet order="5">Player&apos;s Dialouge</event-sheet>
        <event-sheet order="6">Fighting System</event-sheet>
        <event-sheet order="7">EventHandler</event-sheet>
        <event-sheet order="8">Inventory Detailer LV1</event-sheet>
        <event-sheet order="9">DayNightCycle</event-sheet>
        <event-sheet order="10">DeathScreen</event-sheet>
        <event-sheet order="11">MainMenuSheet</event-sheet>
        <event-sheet active="1" order="12">Saving System</event-sheet>
        <event-sheet order="14">LoadArea</event-sheet>
        <event-sheet order="16">Corrupted Tree Event</event-sheet>
        <event-sheet order="17">PlayerMoveHandler</event-sheet>
        <event-sheet order="19">Cutscene1</event-sheet>
        <event-sheet order="20">AnomallyHandler</event-sheet>
        <event-sheet order="21">Stone Event</event-sheet>
        <event-sheet order="24">Setting</event-sheet>
        <event-sheet order="26">Torch</event-sheet>
        <event-sheet order="27">Reaper&apos;sTomb</event-sheet>
        <event-sheet order="28">RedSlime Nest</event-sheet>
        <event-sheet order="29">Player&apos;s Thirst System</event-sheet>
        <event-sheet order="30">IgorTheEmperorSlime</event-sheet>
        <event-sheet order="32">IgorMinion</event-sheet>
        <event-sheet order="33">IgorPeletMinion</event-sheet>
        <event-sheet order="34">EmperorsTombSpawn</event-sheet>
        <event-sheet order="35">WeaponHandler</event-sheet>
        <event-sheet order="36">Wandering Salemans</event-sheet>
        <event-sheet order="38">StartingGameScript</event-sheet>
    </open-tabs>
    <properties>
        <property expanded="1" name="About" />
        <property expanded="1" name="Project settings" />
        <property expanded="0" name="Window Size" />
        <property expanded="1" name="Configuration Settings" />
    </properties>
    <families-expanded root="1">
        <family expanded="0" name="InventorySprite" />
        <family expanded="0" name="InventoryText" />
        <family expanded="0" name="Tab" />
        <family expanded="0" name="BuildingTab" />
        <family expanded="0" name="BuildingAreYouSureText" />
        <family expanded="0" name="BuildingAreYouSureButtons" />
        <family expanded="0" name="CraftingTableButton" />
        <family expanded="0" name="InventoryDetailerLV1Sprite" />
        <family expanded="0" name="InventoryDetailerLv1Button" />
        <family expanded="0" name="InventoryDetailerLv1Text" />
        <family expanded="0" name="BuildingTableCraft" />
        <family expanded="0" name="EmperorSlime" />
        <family expanded="0" name="SpawnEmperorSlimeText" />
        <family expanded="0" name="EmperorSlimeSpawn" />
        <family expanded="0" name="InteractForWandering" />
    </families-expanded>
    <folders-expanded>
        <folder expanded="1" path="object-folder/" />
        <folder expanded="0" path="object-folder/Players/" />
        <folder expanded="0" path="object-folder/Players/PlayerBuildSize/" />
        <folder expanded="0" path="object-folder/Players/HitEffect/" />
        <folder expanded="0" path="object-folder/Important/" />
        <folder expanded="0" path="object-folder/Mouse/" />
        <folder expanded="0" path="object-folder/Inventory/" />
        <folder expanded="0" path="object-folder/Ground/" />
        <folder expanded="0" path="object-folder/Placeable/" />
        <folder expanded="0" path="object-folder/Placeable/TorchLight/" />
        <folder expanded="0" path="object-folder/Building/" />
        <folder expanded="0" path="object-folder/Building/AreYouSure?/" />
        <folder expanded="0" path="object-folder/UI/" />
        <folder expanded="0" path="object-folder/CraftingTableUse/" />
        <folder expanded="0" path="object-folder/Enemy/" />
        <folder expanded="0" path="object-folder/Enemy/Slime/" />
        <folder expanded="0" path="object-folder/Enemy/Anomalies/" />
        <folder expanded="1" path="object-folder/Enemy/Boss/" />
        <folder expanded="1" path="object-folder/Enemy/Boss/IgorTheEmeperorRedSlime/" />
        <folder expanded="0" path="object-folder/Enemy/Reaper/" />
        <folder expanded="0" path="object-folder/Spawners/" />
        <folder expanded="0" path="object-folder/Spawners/BossSpawner/" />
        <folder expanded="0" path="object-folder/Mobs/" />
        <folder expanded="0" path="object-folder/InventoryDetailLv1/" />
        <folder expanded="0" path="object-folder/MainMenu/" />
        <folder expanded="0" path="object-folder/NightCycle/" />
        <folder expanded="0" path="object-folder/DiedScreen/" />
        <folder expanded="0" path="object-folder/BuildingTable/" />
        <folder expanded="0" path="object-folder/LoadArea/" />
        <folder expanded="0" path="object-folder/Mapping/" />
        <folder expanded="0" path="object-folder/Cutscene1/" />
        <folder expanded="0" path="object-folder/Settings/" />
        <folder expanded="0" path="object-folder/Give20SlimeEmperorSlime/" />
        <folder expanded="0" path="object-folder/Ores/" />
        <folder expanded="0" path="object-folder/GoodNPC/" />
        <folder expanded="1" path="object-folder/StartBooting/" />
        <folder expanded="1" path="layout-folder/" />
        <folder expanded="1" path="event-folder/" />
        <folder expanded="0" path="event-folder/Player&apos;s Control/" />
        <folder expanded="0" path="event-folder/Other/" />
        <folder expanded="0" path="event-folder/Collect/" />
        <folder expanded="0" path="event-folder/PlaceableObjectCodes/" />
        <folder expanded="0" path="event-folder/Mobs/" />
        <folder expanded="0" path="event-folder/Mobs/Spawners/" />
        <folder expanded="0" path="event-folder/Mobs/NightMonster/" />
        <folder expanded="0" path="event-folder/Mobs/Boss/" />
        <folder expanded="0" path="event-folder/Mobs/Boss/IgorMinion/" />
        <folder expanded="0" path="event-folder/Mobs/GoodNPCScripts/" />
        <folder expanded="1" path="event-folder/System/" />
        <folder expanded="1" path="event-folder/MainMenu[TAB]/" />
        <folder expanded="0" path="event-folder/LoadArea/" />
        <folder expanded="0" path="event-folder/Cutscene/" />
        <folder expanded="0" path="event-folder/Settings/" />
        <folder expanded="1" path="event-folder/StartingGame/" />
        <folder expanded="0" path="file-folder/" />
        <folder expanded="1" path="sound-folder/" />
        <folder expanded="1" path="music-folder/" />
        <folder expanded="0" path="file-folder/Icons/" />
        <folder expanded="1" path="animation-folder/BuildSizeLv1/" />
        <folder expanded="1" path="animation-folder/SwissBlade/" />
        <folder expanded="1" path="animation-folder/FirstPlayer/" />
        <folder expanded="1" path="animation-folder/MouseHandler/" />
        <folder expanded="1" path="animation-folder/Brown/" />
        <folder expanded="1" path="animation-folder/Tree/" />
        <folder expanded="1" path="animation-folder/Rock/" />
        <folder expanded="1" path="animation-folder/Grass2/" />
        <folder expanded="1" path="animation-folder/SlimeEssence/" />
        <folder expanded="1" path="animation-folder/Tree2/" />
        <folder expanded="1" path="animation-folder/Rock2/" />
        <folder expanded="1" path="animation-folder/Grass/" />
        <folder expanded="1" path="animation-folder/CorruptedTree/" />
        <folder expanded="1" path="animation-folder/CrimsonTree/" />
        <folder expanded="1" path="animation-folder/Torch2/" />
        <folder expanded="1" path="animation-folder/TorchLight/" />
        <folder expanded="1" path="animation-folder/CraftingStation/" />
        <folder expanded="1" path="animation-folder/Sapling2/" />
        <folder expanded="1" path="animation-folder/InventoryDetailer2/" />
        <folder expanded="1" path="animation-folder/BuildingTable2/" />
        <folder expanded="1" path="animation-folder/Wall/" />
        <folder expanded="1" path="animation-folder/CraftingStation2/" />
        <folder expanded="1" path="animation-folder/Brown2/" />
        <folder expanded="1" path="animation-folder/Sapling/" />
        <folder expanded="1" path="animation-folder/InventoryDetailer/" />
        <folder expanded="1" path="animation-folder/Torch/" />
        <folder expanded="1" path="animation-folder/BuildingTable/" />
        <folder expanded="1" path="animation-folder/Hearth/" />
        <folder expanded="1" path="animation-folder/Sprite/" />
        <folder expanded="1" path="animation-folder/Hunger/" />
        <folder expanded="1" path="animation-folder/Thirst/" />
        <folder expanded="1" path="animation-folder/BossLogo/" />
        <folder expanded="1" path="animation-folder/Slime/" />
        <folder expanded="1" path="animation-folder/SlimeView/" />
        <folder expanded="1" path="animation-folder/RedSlime/" />
        <folder expanded="1" path="animation-folder/RedSlimeView/" />
        <folder expanded="1" path="animation-folder/Anomally/" />
        <folder expanded="1" path="animation-folder/IgorTheEmperorRedSlime/" />
        <folder expanded="1" path="animation-folder/IgorsMinion/" />
        <folder expanded="1" path="animation-folder/SlimePelets/" />
        <folder expanded="1" path="animation-folder/EmperorSlimesVision/" />
        <folder expanded="1" path="animation-folder/DusSkullsBeacon/" />
        <folder expanded="1" path="animation-folder/Reaper/" />
        <folder expanded="1" path="animation-folder/EmperorSlimeSummoningTomb/" />
        <folder expanded="1" path="animation-folder/SlimeNest/" />
        <folder expanded="1" path="animation-folder/RedSlimeNest/" />
        <folder expanded="1" path="animation-folder/Mud/" />
        <folder expanded="1" path="animation-folder/DusSkullStatue/" />
        <folder expanded="1" path="animation-folder/ReapersTomb/" />
        <folder expanded="1" path="animation-folder/CampingTent/" />
        <folder expanded="1" path="animation-folder/Pig/" />
        <folder expanded="1" path="animation-folder/RawMeat/" />
        <folder expanded="1" path="animation-folder/WaterBorder/" />
        <folder expanded="1" path="animation-folder/DarknessCutscene/" />
        <folder expanded="1" path="animation-folder/LeftHands/" />
        <folder expanded="1" path="animation-folder/RightHand/" />
        <folder expanded="1" path="animation-folder/Textbox/" />
        <folder expanded="1" path="animation-folder/CogWheel/" />
        <folder expanded="1" path="animation-folder/IronOre/" />
        <folder expanded="1" path="animation-folder/WanderingSalesman/" />
        <folder expanded="1" path="animation-folder/StartingGameLoading/" />
        <folder expanded="1" path="animation-folder/Sprite2/" />
        <folder expanded="1" path="animation-folder/Sprite3/" />
        <folder expanded="1" path="animation-folder/Sprite4/" />
        <folder expanded="1" path="animation-folder/Sprite5/" />
    </folders-expanded>
</c2uistate>
